Date,Store_ID,Product_Category,Region,Promotion_Type,Sales,Customers,Holiday
2023-01-01,S3,Electronics,South,BOGO,569,180.0,No
2023-01-02,S1,Clothing,North,None,348,156.0,No
2023-01-03,S3,Clothing,West,None,1899,87.0,No
2023-01-04,S3,Grocery,North,Discount,851,54.0,No
2023-01-05,S1,Electronics,South,BOGO,1711,84.0,Yes
2023-01-06,S1,Grocery,West,BOGO,969,27.0,No
2023-01-07,S3,Electronics,East,None,573,64.0,No
2023-01-08,S2,Clothing,West,BOGO,980,106.0,No
2023-01-09,S3,Clothing,East,None,1916,194.0,No
2023-01-10,S3,Clothing,East,Discount,359,187.0,No
2023-01-11,S3,Clothing,West,None,550,95.0,Yes
2023-01-12,S3,Grocery,East,BOGO,1511,95.0,No
2023-01-13,S1,Electronics,North,Discount,1511,193.0,No
2023-01-14,S3,Electronics,South,None,1091,66.0,No
2023-01-15,S2,Grocery,East,None,1449,34.0,No
2023-01-16,S1,Electronics,North,Discount,722,124.0,No
2023-01-17,S2,Clothing,East,Discount,721,166.0,No
2023-01-18,S2,Electronics,South,None,982,45.0,No
2023-01-19,S2,Clothing,North,BOGO,472,71.0,No
2023-01-20,S2,Grocery,South,None,1135,112.0,No
2023-01-21,S1,Electronics,South,Discount,1625,169.0,No
2023-01-22,S1,Grocery,North,None,382,40.0,No
2023-01-23,S2,Electronics,North,Discount,1888,70.0,No
2023-01-24,S2,Clothing,North,Discount,687,57.0,No
2023-01-25,S1,Grocery,West,BOGO,1045,39.0,No
2023-01-26,S1,Electronics,North,Discount,323,176.0,No
2023-01-27,S1,Clothing,North,Discount,1184,198.0,No
2023-01-28,S3,Grocery,North,BOGO,1849,151.0,No
2023-01-29,S3,Grocery,North,Discount,989,74.0,No
2023-01-30,S3,Electronics,East,BOGO,613,111.0,No
2023-01-31,S2,Electronics,West,BOGO,1948,47.0,No
2023-02-01,S3,Electronics,South,Discount,1395,23.0,No
2023-02-02,S2,Clothing,North,Discount,1511,169.0,No
2023-02-03,S2,Electronics,East,,1658,,No
2023-02-04,S3,Grocery,East,BOGO,885,192.0,No
2023-02-05,S2,Grocery,East,None,312,86.0,No
2023-02-06,S3,Electronics,South,Discount,1087,105.0,No
2023-02-07,S3,Electronics,North,None,321,181.0,No
2023-02-08,S1,Grocery,West,BOGO,1767,110.0,No
2023-02-09,S3,Clothing,West,,1445,,No
2023-02-10,S1,Electronics,East,BOGO,1854,20.0,No
2023-02-11,S3,Electronics,South,Discount,238,91.0,No
2023-02-12,S3,Grocery,South,Discount,696,106.0,No
2023-02-13,S1,Electronics,South,BOGO,979,185.0,No
2023-02-14,S1,Clothing,West,Discount,1456,25.0,Yes
2023-02-15,S3,Grocery,East,Discount,1142,172.0,Yes
2023-02-16,S2,Electronics,North,Discount,1753,164.0,No
2023-02-17,S1,Grocery,West,Discount,348,80.0,No
2023-02-18,S2,Electronics,East,BOGO,1620,31.0,No
2023-02-19,S2,Electronics,East,None,1221,25.0,No
2023-02-20,S2,Electronics,North,None,860,46.0,No
2023-02-21,S1,Clothing,North,Discount,1861,155.0,No
2023-02-22,S2,Clothing,North,None,501,143.0,No
2023-02-23,S1,Grocery,South,None,1583,125.0,No
2023-02-24,S2,Electronics,North,,437,,No
2023-02-25,S3,Electronics,East,Discount,846,128.0,No
2023-02-26,S3,Clothing,North,None,862,118.0,No
2023-02-27,S1,Electronics,East,BOGO,435,187.0,No
2023-02-28,S3,Clothing,West,Discount,1959,161.0,No
2023-03-01,S3,Electronics,South,BOGO,402,54.0,No
2023-03-02,S2,Grocery,West,None,455,195.0,No
2023-03-03,S1,Electronics,West,Discount,797,103.0,No
2023-03-04,S2,Electronics,East,BOGO,861,75.0,No
2023-03-05,S2,Clothing,West,Discount,434,196.0,No
2023-03-06,S2,Electronics,East,None,1568,160.0,No
2023-03-07,S2,Electronics,North,,733,,No
2023-03-08,S2,Clothing,North,,1059,,No
2023-03-09,S2,Grocery,East,None,1689,132.0,No
2023-03-10,S2,Grocery,North,Discount,969,155.0,No
2023-03-11,S1,Clothing,South,BOGO,740,62.0,Yes
2023-03-12,S3,Clothing,West,None,412,167.0,No
2023-03-13,S2,Clothing,South,None,662,143.0,No
2023-03-14,S2,Clothing,West,,635,,No
2023-03-15,S2,Clothing,North,None,482,109.0,No
2023-03-16,S2,Grocery,South,None,1785,58.0,No
2023-03-17,S2,Grocery,North,BOGO,1830,104.0,No
2023-03-18,S2,Clothing,West,BOGO,1686,196.0,No
2023-03-19,S3,Electronics,East,BOGO,1630,81.0,No
2023-03-20,S3,Clothing,East,,287,,Yes
2023-03-21,S2,Electronics,South,Discount,1267,126.0,No
2023-03-22,S3,Clothing,North,BOGO,660,73.0,No
2023-03-23,S1,Clothing,North,,477,,No
2023-03-24,S2,Grocery,South,Discount,1906,28.0,No
2023-03-25,S1,Electronics,East,Discount,620,107.0,No
2023-03-26,S1,Electronics,West,None,1924,56.0,No
2023-03-27,S2,Grocery,South,Discount,1576,68.0,No
2023-03-28,S3,Grocery,West,Discount,895,60.0,No
2023-03-29,S1,Grocery,East,None,714,36.0,Yes
2023-03-30,S2,Grocery,North,None,902,107.0,Yes
2023-03-31,S1,Electronics,East,None,1853,40.0,Yes
2023-04-01,S1,Electronics,South,BOGO,218,70.0,No
2023-04-02,S1,Clothing,North,None,222,78.0,No
2023-04-03,S1,Clothing,South,None,612,186.0,No
2023-04-04,S3,Grocery,South,Discount,1253,60.0,No
2023-04-05,S1,Grocery,East,None,307,58.0,No
2023-04-06,S1,Grocery,South,BOGO,1590,160.0,No
2023-04-07,S1,Clothing,East,None,1504,30.0,No
2023-04-08,S3,Clothing,North,BOGO,1351,166.0,No
2023-04-09,S1,Clothing,East,None,1452,158.0,No
2023-04-10,S1,Clothing,North,None,1334,96.0,No
2023-04-11,S3,Clothing,East,None,335,146.0,No
2023-04-12,S3,Clothing,West,None,561,65.0,Yes
2023-04-13,S3,Clothing,West,BOGO,1409,64.0,No
2023-04-14,S1,Grocery,South,BOGO,1879,20.0,No
2023-04-15,S3,Grocery,East,Discount,1807,187.0,No
2023-04-16,S3,Grocery,East,BOGO,328,127.0,No
2023-04-17,S1,Grocery,North,None,1484,38.0,No
2023-04-18,S3,Clothing,South,Discount,714,95.0,No
2023-04-19,S1,Electronics,East,Discount,648,91.0,No
2023-04-20,S2,Clothing,South,Discount,1327,128.0,No
2023-04-21,S3,Electronics,West,None,1706,31.0,No
2023-04-22,S2,Grocery,East,BOGO,1447,180.0,No
2023-04-23,S1,Clothing,East,None,1073,64.0,No
2023-04-24,S3,Grocery,South,Discount,1714,109.0,No
2023-04-25,S1,Clothing,East,None,672,122.0,No
2023-04-26,S2,Grocery,South,None,1233,27.0,No
2023-04-27,S1,Electronics,East,BOGO,1628,172.0,No
2023-04-28,S3,Electronics,North,BOGO,501,110.0,No
2023-04-29,S3,Electronics,South,Discount,430,193.0,No
2023-04-30,S2,Clothing,East,None,1954,106.0,No
2023-05-01,S1,Electronics,West,None,1122,177.0,No
2023-05-02,S3,Clothing,East,BOGO,1289,194.0,No
2023-05-03,S2,Electronics,West,None,1136,196.0,No
2023-05-04,S3,Electronics,West,None,311,194.0,No
2023-05-05,S3,Clothing,North,None,1236,103.0,No
2023-05-06,S1,Clothing,South,BOGO,1616,101.0,No
2023-05-07,S3,Electronics,East,Discount,699,165.0,No
2023-05-08,S1,Clothing,North,Discount,1131,87.0,No
2023-05-09,S3,Electronics,East,None,797,180.0,Yes
2023-05-10,S2,Clothing,West,Discount,433,146.0,No
2023-05-11,S3,Grocery,South,BOGO,801,183.0,No
2023-05-12,S1,Grocery,East,BOGO,513,101.0,No
2023-05-13,S1,Grocery,East,Discount,765,166.0,No
2023-05-14,S2,Grocery,West,Discount,1235,175.0,No
2023-05-15,S3,Grocery,East,None,408,187.0,Yes
2023-05-16,S3,Electronics,East,Discount,1237,103.0,No
2023-05-17,S2,Grocery,West,None,1856,132.0,Yes
2023-05-18,S3,Grocery,North,None,1641,95.0,No
2023-05-19,S3,Grocery,West,BOGO,1660,141.0,No
2023-05-20,S1,Grocery,North,BOGO,1600,162.0,No
2023-05-21,S3,Clothing,South,BOGO,1243,60.0,No
2023-05-22,S3,Electronics,North,BOGO,786,186.0,No
2023-05-23,S2,Grocery,North,Discount,1978,21.0,No
2023-05-24,S2,Grocery,South,BOGO,1958,48.0,Yes
2023-05-25,S1,Grocery,North,Discount,1214,124.0,No
2023-05-26,S3,Electronics,West,BOGO,1293,70.0,No
2023-05-27,S3,Clothing,North,Discount,1434,94.0,No
2023-05-28,S3,Electronics,South,None,1324,29.0,No
2023-05-29,S1,Clothing,West,Discount,897,161.0,No
2023-05-30,S1,Grocery,South,Discount,331,70.0,No
2023-05-31,S2,Grocery,South,BOGO,1846,137.0,Yes
2023-06-01,S1,Electronics,East,Discount,1604,140.0,No
2023-06-02,S3,Electronics,East,None,1355,58.0,No
2023-06-03,S3,Clothing,South,None,1243,47.0,No
2023-06-04,S1,Clothing,South,BOGO,735,22.0,No
2023-06-05,S3,Electronics,South,None,1213,103.0,Yes
2023-06-06,S3,Clothing,East,Discount,426,174.0,No
2023-06-07,S1,Electronics,East,None,1377,136.0,No
2023-06-08,S1,Clothing,North,BOGO,1965,21.0,Yes
2023-06-09,S3,Electronics,North,Discount,1692,112.0,No
2023-06-10,S3,Electronics,South,BOGO,1021,185.0,No
2023-06-11,S3,Electronics,West,Discount,1070,150.0,No
2023-06-12,S2,Clothing,West,None,604,163.0,No
2023-06-13,S2,Clothing,East,BOGO,401,113.0,No
2023-06-14,S2,Clothing,East,,237,,No
2023-06-15,S1,Electronics,East,Discount,1141,21.0,No
2023-06-16,S2,Clothing,South,BOGO,1995,100.0,No
2023-06-17,S1,Clothing,West,Discount,387,188.0,No
2023-06-18,S1,Electronics,North,Discount,1280,31.0,No
2023-06-19,S2,Grocery,South,Discount,1140,182.0,No
2023-06-20,S2,Electronics,North,Discount,1243,84.0,No
2023-06-21,S2,Clothing,North,None,472,74.0,No
2023-06-22,S3,Electronics,South,Discount,1342,64.0,No
2023-06-23,S2,Grocery,North,BOGO,782,120.0,No
2023-06-24,S3,Electronics,West,None,715,81.0,No
2023-06-25,S1,Clothing,North,BOGO,1444,68.0,No
2023-06-26,S3,Grocery,West,None,725,146.0,No
2023-06-27,S2,Clothing,West,Discount,1738,172.0,No
2023-06-28,S1,Grocery,West,None,1951,42.0,No
2023-06-29,S1,Grocery,East,None,1964,171.0,No
2023-06-30,S1,Electronics,North,BOGO,535,57.0,No
2023-07-01,S3,Electronics,South,,897,,Yes
2023-07-02,S2,Clothing,South,Discount,1278,40.0,No
2023-07-03,S1,Electronics,North,None,699,126.0,No
2023-07-04,S1,Electronics,East,None,1099,165.0,No
2023-07-05,S1,Grocery,East,None,965,183.0,No
2023-07-06,S3,Electronics,West,Discount,735,118.0,No
2023-07-07,S3,Grocery,North,Discount,361,192.0,No
2023-07-08,S2,Grocery,North,Discount,1893,138.0,No
2023-07-09,S3,Grocery,South,Discount,793,92.0,No
2023-07-10,S1,Clothing,North,Discount,358,141.0,No
2023-07-11,S2,Clothing,East,BOGO,1411,49.0,No
2023-07-12,S1,Clothing,North,None,259,127.0,No
2023-07-13,S1,Grocery,South,None,1114,117.0,No
2023-07-14,S3,Clothing,West,None,1542,51.0,No
2023-07-15,S2,Clothing,South,None,410,175.0,No
2023-07-16,S3,Electronics,South,None,605,191.0,No
2023-07-17,S3,Clothing,West,None,863,98.0,No
2023-07-18,S2,Clothing,South,None,1332,60.0,No
2023-07-19,S1,Grocery,South,None,1299,82.0,Yes
2023-07-20,S1,Grocery,North,BOGO,741,42.0,No
2023-07-21,S2,Grocery,North,None,1537,123.0,No
2023-07-22,S1,Grocery,West,BOGO,1197,94.0,No
2023-07-23,S2,Grocery,North,Discount,1340,67.0,No
2023-07-24,S2,Grocery,North,None,1126,179.0,No
2023-07-25,S3,Clothing,South,Discount,1067,76.0,Yes
2023-07-26,S2,Grocery,East,Discount,1927,137.0,Yes
2023-07-27,S3,Grocery,North,Discount,218,119.0,No
2023-07-28,S1,Electronics,East,BOGO,631,143.0,No
2023-07-29,S1,Clothing,North,Discount,1908,180.0,No
2023-07-30,S1,Clothing,North,Discount,939,171.0,No
2023-07-31,S1,Clothing,West,Discount,1573,186.0,No
2023-08-01,S3,Grocery,West,None,382,53.0,No
2023-08-02,S1,Grocery,West,None,312,175.0,No
2023-08-03,S2,Grocery,East,BOGO,1406,184.0,No
2023-08-04,S2,Electronics,South,BOGO,680,26.0,No
2023-08-05,S2,Grocery,North,None,1369,184.0,No
2023-08-06,S3,Electronics,North,BOGO,1030,75.0,No
2023-08-07,S1,Clothing,North,None,1851,84.0,No
2023-08-08,S1,Grocery,East,Discount,1336,66.0,No
2023-08-09,S1,Electronics,West,Discount,962,167.0,No
2023-08-10,S3,Electronics,South,BOGO,675,38.0,Yes
2023-08-11,S2,Grocery,East,None,962,176.0,No
2023-08-12,S2,Clothing,West,None,1526,165.0,No
2023-08-13,S1,Clothing,East,BOGO,1170,182.0,No
2023-08-14,S2,Clothing,South,None,1219,190.0,No
2023-08-15,S2,Electronics,West,Discount,1341,145.0,No
2023-08-16,S3,Electronics,East,BOGO,360,158.0,Yes
2023-08-17,S3,Electronics,South,BOGO,600,68.0,No
2023-08-18,S3,Electronics,North,None,397,132.0,No
2023-08-19,S3,Clothing,South,BOGO,1483,57.0,No
2023-08-20,S1,Grocery,North,None,859,83.0,No
2023-08-21,S3,Electronics,East,None,1975,88.0,No
2023-08-22,S2,Electronics,West,None,1270,155.0,No
2023-08-23,S1,Clothing,West,None,598,181.0,No
2023-08-24,S2,Grocery,East,,1933,,No
2023-08-25,S2,Grocery,West,BOGO,1782,135.0,No
2023-08-26,S2,Clothing,West,Discount,277,84.0,No
2023-08-27,S3,Clothing,North,Discount,323,50.0,No
2023-08-28,S3,Grocery,East,BOGO,274,151.0,No
2023-08-29,S1,Electronics,South,BOGO,336,132.0,No
2023-08-30,S1,Grocery,North,Discount,801,128.0,No
2023-08-31,S3,Clothing,East,Discount,1623,197.0,No
2023-09-01,S2,Electronics,North,Discount,1036,88.0,No
2023-09-02,S1,Electronics,South,Discount,1728,177.0,No
2023-09-03,S3,Clothing,South,Discount,699,139.0,No
2023-09-04,S3,Clothing,East,None,1796,107.0,No
2023-09-05,S3,Clothing,South,BOGO,337,86.0,No
2023-09-06,S2,Grocery,North,None,249,94.0,Yes
2023-09-07,S3,Grocery,South,Discount,1994,64.0,No
2023-09-08,S3,Electronics,North,Discount,1172,23.0,No
2023-09-09,S3,Clothing,North,Discount,1842,173.0,No
2023-09-10,S3,Electronics,South,None,1848,174.0,No
2023-09-11,S1,Electronics,East,None,453,193.0,No
2023-09-12,S1,Electronics,West,Discount,1853,126.0,No
2023-09-13,S3,Electronics,South,None,909,70.0,No
2023-09-14,S2,Clothing,North,None,762,69.0,No
2023-09-15,S1,Electronics,North,Discount,956,25.0,Yes
2023-09-16,S3,Clothing,South,None,1649,78.0,No
2023-09-17,S1,Clothing,East,BOGO,746,144.0,No
2023-09-18,S1,Grocery,East,BOGO,1525,162.0,No
2023-09-19,S2,Clothing,North,BOGO,1121,49.0,No
2023-09-20,S3,Grocery,North,BOGO,780,189.0,No
2023-09-21,S3,Clothing,East,Discount,1572,141.0,No
2023-09-22,S2,Clothing,West,Discount,248,144.0,No
2023-09-23,S2,Clothing,South,Discount,1116,56.0,No
2023-09-24,S3,Grocery,North,BOGO,1297,189.0,No
2023-09-25,S3,Grocery,North,BOGO,903,143.0,Yes
2023-09-26,S2,Electronics,East,None,460,120.0,No
2023-09-27,S1,Grocery,South,None,555,54.0,No
2023-09-28,S1,Grocery,East,BOGO,1805,106.0,Yes
2023-09-29,S2,Grocery,South,BOGO,1825,153.0,No
2023-09-30,S1,Grocery,South,BOGO,1483,37.0,No
2023-10-01,S2,Electronics,South,BOGO,837,132.0,No
2023-10-02,S1,Grocery,North,None,942,48.0,No
2023-10-03,S1,Clothing,West,BOGO,1518,96.0,No
2023-10-04,S3,Clothing,East,None,1209,78.0,No
2023-10-05,S3,Grocery,West,BOGO,1130,194.0,No
2023-10-06,S1,Grocery,East,BOGO,840,145.0,No
2023-10-07,S1,Clothing,South,BOGO,991,164.0,No
2023-10-08,S3,Clothing,North,None,1536,128.0,No
2023-10-09,S3,Electronics,West,None,811,41.0,No
2023-10-10,S3,Clothing,North,Discount,1008,87.0,No
2023-10-11,S2,Clothing,East,BOGO,1405,88.0,No
2023-10-12,S1,Grocery,North,Discount,885,184.0,Yes
2023-10-13,S3,Clothing,North,Discount,1587,68.0,No
2023-10-14,S1,Electronics,West,,387,,No
2023-10-15,S2,Clothing,South,None,1792,181.0,No
2023-10-16,S2,Grocery,North,Discount,1766,128.0,No
2023-10-17,S3,Grocery,South,BOGO,1819,105.0,No
2023-10-18,S2,Clothing,East,None,1887,72.0,No
2023-10-19,S1,Grocery,North,BOGO,1184,142.0,No
2023-10-20,S3,Electronics,West,BOGO,747,106.0,No
2023-10-21,S1,Electronics,East,Discount,924,198.0,No
2023-10-22,S1,Clothing,East,Discount,1125,150.0,No
2023-10-23,S2,Clothing,West,Discount,1631,61.0,Yes
2023-10-24,S2,Clothing,North,Discount,1075,117.0,No
2023-10-25,S2,Grocery,North,None,817,179.0,No
2023-10-26,S2,Electronics,East,None,613,128.0,No
2023-10-27,S2,Electronics,North,Discount,1565,70.0,No
2023-10-28,S3,Grocery,South,,1443,,No
2023-10-29,S1,Electronics,West,Discount,1102,193.0,No
2023-10-30,S1,Clothing,South,BOGO,362,146.0,No
2023-10-31,S1,Clothing,North,BOGO,1443,40.0,No
2023-11-01,S1,Clothing,East,BOGO,469,63.0,No
2023-11-02,S2,Electronics,West,Discount,831,158.0,No
2023-11-03,S1,Clothing,North,BOGO,1105,122.0,Yes
2023-11-04,S3,Grocery,North,None,1623,87.0,No
2023-11-05,S3,Grocery,East,BOGO,1405,148.0,No
2023-11-06,S1,Electronics,East,BOGO,1841,111.0,No
2023-11-07,S1,Grocery,South,BOGO,1952,43.0,Yes
2023-11-08,S3,Grocery,West,None,404,144.0,No
2023-11-09,S3,Electronics,West,Discount,781,160.0,No
2023-11-10,S2,Clothing,East,None,1779,130.0,No
2023-11-11,S3,Clothing,South,Discount,1040,117.0,No
2023-11-12,S2,Clothing,West,Discount,1451,158.0,No
2023-11-13,S2,Electronics,East,BOGO,1919,198.0,No
2023-11-14,S2,Grocery,North,Discount,1842,36.0,No
2023-11-15,S2,Clothing,West,None,795,118.0,No
2023-11-16,S2,Clothing,South,None,449,101.0,No
2023-11-17,S1,Electronics,South,Discount,1074,123.0,No
2023-11-18,S3,Clothing,South,BOGO,1664,171.0,Yes
2023-11-19,S2,Electronics,North,BOGO,1756,38.0,No
2023-11-20,S3,Grocery,West,None,395,184.0,No
2023-11-21,S3,Electronics,West,BOGO,889,104.0,No
2023-11-22,S2,Electronics,North,Discount,1742,27.0,No
2023-11-23,S1,Electronics,West,Discount,1293,47.0,No
2023-11-24,S2,Electronics,North,None,838,24.0,No
2023-11-25,S1,Grocery,North,Discount,1622,164.0,Yes
2023-11-26,S3,Grocery,North,None,871,120.0,No
2023-11-27,S1,Clothing,South,Discount,1983,183.0,No
2023-11-28,S1,Grocery,West,None,1426,137.0,No
2023-11-29,S1,Grocery,North,BOGO,1371,166.0,Yes
2023-11-30,S3,Clothing,West,Discount,1695,83.0,No
2023-12-01,S3,Grocery,South,Discount,1878,110.0,No
2023-12-02,S1,Electronics,North,None,1143,136.0,No
2023-12-03,S1,Electronics,East,None,398,117.0,No
2023-12-04,S2,Clothing,South,Discount,1649,30.0,No
2023-12-05,S1,Clothing,East,None,1889,73.0,No
2023-12-06,S2,Clothing,West,Discount,691,192.0,No
2023-12-07,S1,Electronics,West,BOGO,1095,66.0,No
2023-12-08,S2,Grocery,South,None,341,159.0,No
2023-12-09,S3,Electronics,West,Discount,1536,168.0,No
2023-12-10,S1,Clothing,East,BOGO,364,158.0,No
2023-12-11,S1,Grocery,North,,513,,No
2023-12-12,S1,Grocery,North,Discount,220,39.0,No
2023-12-13,S1,Electronics,North,None,1305,188.0,No
2023-12-14,S2,Clothing,South,Discount,1804,65.0,No
2023-12-15,S1,Electronics,West,BOGO,1354,31.0,Yes
2023-12-16,S3,Grocery,East,Discount,1822,89.0,No
2023-12-17,S3,Electronics,West,None,1953,36.0,No
2023-12-18,S1,Electronics,West,BOGO,1183,134.0,No
2023-12-19,S3,Clothing,West,Discount,504,166.0,No
2023-12-20,S1,Clothing,North,None,570,173.0,No
2023-12-21,S1,Grocery,East,BOGO,1052,67.0,No
2023-12-22,S3,Electronics,East,,583,,No
2023-12-23,S1,Electronics,West,,644,,No
2023-12-24,S3,Electronics,North,Discount,624,115.0,No
2023-12-25,S2,Grocery,North,None,360,89.0,No
2023-12-26,S1,Grocery,East,BOGO,1401,121.0,No
2023-12-27,S2,Clothing,North,None,828,94.0,No
2023-12-28,S3,Clothing,North,None,1931,180.0,No
2023-12-29,S2,Clothing,North,Discount,1094,170.0,Yes
2023-12-30,S2,Electronics,South,None,689,162.0,No
2023-12-31,S3,Electronics,West,BOGO,1216,174.0,Yes
2024-01-01,S2,Clothing,East,BOGO,526,198.0,No
2024-01-02,S2,Electronics,East,BOGO,797,101.0,Yes
2024-01-03,S3,Clothing,South,BOGO,1214,111.0,Yes
2024-01-04,S2,Grocery,West,Discount,488,198.0,No
2024-01-05,S3,Clothing,East,None,792,194.0,No
2024-01-06,S2,Grocery,North,Discount,1887,23.0,No
2024-01-07,S3,Electronics,East,None,1796,154.0,No
2024-01-08,S3,Clothing,North,None,772,128.0,No
2024-01-09,S2,Electronics,South,None,1577,182.0,No
2024-01-10,S2,Grocery,North,Discount,227,67.0,No
2024-01-11,S2,Grocery,East,None,1153,92.0,No
2024-01-12,S1,Grocery,East,Discount,242,91.0,No
2024-01-13,S1,Electronics,East,BOGO,1904,135.0,No
2024-01-14,S1,Electronics,South,BOGO,622,192.0,No
2024-01-15,S3,Electronics,South,None,1821,100.0,No
2024-01-16,S2,Electronics,West,,376,,No
2024-01-17,S3,Grocery,East,BOGO,728,132.0,No
2024-01-18,S1,Grocery,North,Discount,1833,115.0,No
2024-01-19,S2,Clothing,South,Discount,1165,91.0,No
2024-01-20,S3,Clothing,East,None,1717,166.0,No
2024-01-21,S2,Electronics,East,BOGO,397,82.0,No
2024-01-22,S3,Grocery,South,None,809,57.0,No
2024-01-23,S2,Grocery,West,None,1800,86.0,No
2024-01-24,S1,Grocery,South,BOGO,1041,88.0,No
2024-01-25,S1,Clothing,South,BOGO,1052,32.0,No
2024-01-26,S2,Clothing,North,Discount,1740,194.0,No
2024-01-27,S3,Grocery,North,BOGO,1737,50.0,No
2024-01-28,S1,Grocery,West,Discount,221,133.0,No
2024-01-29,S1,Grocery,East,Discount,1335,41.0,No
2024-01-30,S1,Clothing,South,Discount,1280,112.0,Yes
2024-01-31,S2,Grocery,West,BOGO,1289,190.0,No
2024-02-01,S2,Grocery,North,None,1041,86.0,No
2024-02-02,S3,Electronics,South,Discount,297,73.0,No
2024-02-03,S3,Electronics,East,None,1367,157.0,No
2024-02-04,S3,Clothing,North,None,634,61.0,No
2024-02-05,S2,Grocery,North,BOGO,836,83.0,No
2024-02-06,S2,Grocery,North,None,1902,145.0,No
2024-02-07,S3,Electronics,West,None,1309,40.0,No
2024-02-08,S3,Clothing,East,BOGO,787,188.0,No
2024-02-09,S2,Electronics,South,,543,,No
2024-02-10,S3,Electronics,West,None,1517,54.0,No
2024-02-11,S1,Electronics,West,BOGO,770,49.0,No
2024-02-12,S2,Electronics,West,None,1873,76.0,No
2024-02-13,S3,Grocery,North,None,810,66.0,No
2024-02-14,S2,Grocery,East,Discount,1927,182.0,No
2024-02-15,S1,Electronics,West,None,442,38.0,No
2024-02-16,S2,Clothing,South,BOGO,760,133.0,No
2024-02-17,S2,Clothing,East,None,1159,27.0,Yes
2024-02-18,S2,Clothing,South,Discount,231,45.0,No
2024-02-19,S2,Clothing,East,Discount,590,132.0,No
2024-02-20,S1,Electronics,South,BOGO,476,90.0,No
2024-02-21,S2,Grocery,North,Discount,731,49.0,Yes
2024-02-22,S2,Clothing,West,None,1377,154.0,No
2024-02-23,S3,Electronics,South,Discount,582,86.0,No
2024-02-24,S2,Clothing,East,BOGO,1291,84.0,No
2024-02-25,S3,Clothing,West,Discount,1083,55.0,No
2024-02-26,S1,Electronics,West,Discount,413,44.0,No
2024-02-27,S1,Grocery,East,Discount,1878,56.0,No
2024-02-28,S1,Grocery,South,BOGO,575,20.0,No
2024-02-29,S1,Electronics,North,Discount,943,162.0,No
2024-03-01,S3,Grocery,North,Discount,412,56.0,No
2024-03-02,S2,Electronics,South,None,278,160.0,No
2024-03-03,S1,Electronics,West,BOGO,1949,155.0,No
2024-03-04,S2,Electronics,West,Discount,827,152.0,Yes
2024-03-05,S3,Grocery,West,BOGO,803,147.0,No
2024-03-06,S3,Electronics,West,Discount,981,146.0,No
2024-03-07,S3,Clothing,South,Discount,1604,20.0,No
2024-03-08,S1,Grocery,West,Discount,1200,183.0,No
2024-03-09,S2,Grocery,East,None,879,54.0,No
2024-03-10,S2,Grocery,West,None,257,123.0,Yes
2024-03-11,S2,Grocery,North,None,1249,42.0,No
2024-03-12,S3,Clothing,West,BOGO,1080,28.0,No
2024-03-13,S1,Grocery,South,BOGO,646,53.0,No
2024-03-14,S3,Grocery,North,None,265,193.0,No
2024-03-15,S3,Electronics,South,BOGO,1983,147.0,No
2024-03-16,S2,Grocery,South,Discount,1477,23.0,No
2024-03-17,S3,Clothing,North,Discount,1267,177.0,No
2024-03-18,S2,Clothing,South,Discount,1320,121.0,No
2024-03-19,S1,Clothing,South,None,1777,94.0,No
2024-03-20,S2,Clothing,West,BOGO,1211,118.0,No
2024-03-21,S1,Grocery,East,None,426,91.0,No
2024-03-22,S2,Grocery,South,BOGO,973,22.0,Yes
2024-03-23,S3,Clothing,South,Discount,878,161.0,No
2024-03-24,S3,Clothing,South,,1659,,No
2024-03-25,S1,Grocery,West,BOGO,800,53.0,No
2024-03-26,S1,Clothing,East,BOGO,578,64.0,No
2024-03-27,S1,Electronics,North,Discount,1401,80.0,No
2024-03-28,S2,Clothing,West,None,1650,102.0,No
2024-03-29,S2,Clothing,West,None,908,142.0,No
2024-03-30,S1,Electronics,East,None,506,121.0,No
2024-03-31,S3,Electronics,East,Discount,978,35.0,Yes
2024-04-01,S2,Grocery,West,,703,,No
2024-04-02,S2,Grocery,North,Discount,467,187.0,No
2024-04-03,S2,Electronics,West,Discount,1809,164.0,No
2024-04-04,S1,Electronics,East,Discount,207,138.0,No
2024-04-05,S1,Grocery,North,BOGO,707,181.0,No
2024-04-06,S1,Clothing,East,None,675,143.0,No
2024-04-07,S1,Electronics,North,None,1520,163.0,No
2024-04-08,S1,Grocery,South,Discount,363,121.0,No
2024-04-09,S3,Clothing,East,Discount,684,85.0,No
2024-04-10,S3,Electronics,East,,1820,,No
2024-04-11,S1,Clothing,West,Discount,1295,130.0,No
2024-04-12,S2,Grocery,East,,766,,No
2024-04-13,S1,Electronics,East,BOGO,1104,53.0,No
2024-04-14,S3,Clothing,South,Discount,758,58.0,No
2024-04-15,S3,Electronics,East,None,437,155.0,No
2024-04-16,S2,Clothing,South,Discount,1327,139.0,No
2024-04-17,S3,Grocery,South,None,1433,145.0,No
2024-04-18,S1,Grocery,South,None,753,74.0,No
2024-04-19,S2,Electronics,South,Discount,1027,46.0,No
2024-04-20,S1,Clothing,North,BOGO,667,137.0,No
2024-04-21,S1,Electronics,West,None,1677,72.0,No
2024-04-22,S2,Electronics,North,None,1491,58.0,No
2024-04-23,S1,Clothing,East,None,585,84.0,No
2024-04-24,S3,Clothing,North,BOGO,974,164.0,No
2024-04-25,S1,Clothing,North,,1047,,No
2024-04-26,S2,Grocery,East,Discount,586,32.0,No
2024-04-27,S2,Electronics,East,BOGO,1076,40.0,No
2024-04-28,S2,Electronics,East,Discount,458,166.0,No
2024-04-29,S1,Grocery,North,Discount,482,72.0,No
2024-04-30,S2,Clothing,North,BOGO,1849,38.0,No
2024-05-01,S2,Grocery,East,Discount,239,76.0,No
2024-05-02,S1,Grocery,West,BOGO,685,44.0,No
2024-05-03,S3,Grocery,West,Discount,1128,50.0,No
2024-05-04,S1,Electronics,South,BOGO,419,100.0,No
2024-05-05,S2,Grocery,East,BOGO,1352,42.0,No
2024-05-06,S2,Electronics,South,Discount,1214,51.0,No
2024-05-07,S1,Electronics,West,None,1223,93.0,No
2024-05-08,S3,Electronics,South,Discount,1743,29.0,No
2024-05-09,S2,Clothing,East,BOGO,812,73.0,No
2024-05-10,S2,Electronics,East,None,1127,71.0,No
2024-05-11,S2,Electronics,East,Discount,887,167.0,Yes
2024-05-12,S1,Clothing,North,Discount,1842,179.0,No
2024-05-13,S2,Electronics,South,Discount,812,133.0,No
2024-05-14,S3,Grocery,West,None,459,33.0,No
2024-05-15,S2,Grocery,West,BOGO,1189,197.0,No
2024-05-16,S2,Electronics,West,Discount,1165,175.0,No
2024-05-17,S3,Clothing,North,Discount,565,129.0,No
2024-05-18,S2,Grocery,North,Discount,1981,72.0,No
2024-05-19,S1,Clothing,East,Discount,743,171.0,No
2024-05-20,S1,Clothing,West,Discount,848,98.0,No
2024-05-21,S1,Grocery,North,BOGO,1747,41.0,No
2024-05-22,S3,Clothing,East,BOGO,1013,49.0,No
2024-05-23,S2,Grocery,West,Discount,1239,23.0,No
2024-05-24,S1,Clothing,South,None,1352,78.0,No
2024-05-25,S3,Grocery,East,BOGO,774,27.0,No
2024-05-26,S2,Electronics,North,None,1332,31.0,No
2024-05-27,S3,Grocery,North,BOGO,1212,138.0,No
2024-05-28,S1,Grocery,East,Discount,1756,178.0,No
2024-05-29,S1,Grocery,East,,869,,No
2024-05-30,S1,Grocery,North,Discount,468,101.0,No
2024-05-31,S3,Clothing,South,BOGO,1385,117.0,No
2024-06-01,S3,Electronics,West,Discount,1483,146.0,No
2024-06-02,S1,Grocery,South,Discount,1123,94.0,No
2024-06-03,S3,Clothing,East,Discount,1325,124.0,No
2024-06-04,S1,Electronics,South,Discount,1729,68.0,No
2024-06-05,S1,Electronics,North,None,1958,98.0,No
2024-06-06,S2,Electronics,East,Discount,1794,112.0,No
2024-06-07,S3,Electronics,West,,446,,No
2024-06-08,S1,Grocery,North,None,1863,37.0,No
2024-06-09,S1,Grocery,North,Discount,1760,115.0,No
2024-06-10,S3,Clothing,West,None,330,57.0,No
2024-06-11,S2,Clothing,West,BOGO,552,106.0,No
2024-06-12,S2,Clothing,South,Discount,395,107.0,No
2024-06-13,S1,Electronics,East,None,1129,69.0,No
2024-06-14,S3,Electronics,West,Discount,1889,27.0,No
2024-06-15,S2,Grocery,West,Discount,1605,188.0,Yes
2024-06-16,S3,Electronics,East,Discount,1221,153.0,No
2024-06-17,S3,Electronics,West,None,844,88.0,No
2024-06-18,S1,Electronics,West,BOGO,426,191.0,Yes
2024-06-19,S2,Clothing,South,BOGO,900,140.0,No
2024-06-20,S1,Clothing,North,None,1699,83.0,No
2024-06-21,S2,Grocery,North,Discount,1700,176.0,Yes
2024-06-22,S2,Electronics,North,None,464,175.0,No
2024-06-23,S2,Electronics,North,None,1595,158.0,No
2024-06-24,S2,Grocery,West,None,1709,140.0,No
2024-06-25,S2,Electronics,East,Discount,1657,84.0,No
2024-06-26,S3,Electronics,East,None,845,126.0,No
2024-06-27,S1,Clothing,South,Discount,410,166.0,No
2024-06-28,S3,Grocery,South,None,1795,156.0,No
2024-06-29,S2,Grocery,West,,1600,,No
2024-06-30,S1,Grocery,East,None,1618,181.0,No
2024-07-01,S2,Grocery,East,None,1673,191.0,No
2024-07-02,S1,Clothing,North,BOGO,1142,119.0,No
2024-07-03,S3,Clothing,West,Discount,1587,101.0,Yes
2024-07-04,S1,Electronics,West,Discount,656,162.0,No
2024-07-05,S1,Electronics,North,None,924,70.0,Yes
2024-07-06,S1,Electronics,West,BOGO,1951,160.0,No
2024-07-07,S1,Electronics,West,Discount,1449,102.0,No
2024-07-08,S1,Clothing,South,None,1181,196.0,No
2024-07-09,S2,Grocery,East,BOGO,1354,131.0,No
2024-07-10,S1,Clothing,West,Discount,787,75.0,No
2024-07-11,S1,Electronics,South,,675,,Yes
2024-07-12,S3,Clothing,East,BOGO,1185,184.0,No
2024-07-13,S1,Grocery,North,,1500,,No
2024-07-14,S3,Grocery,South,BOGO,355,176.0,No
2024-07-15,S2,Clothing,South,BOGO,1983,180.0,No
2024-07-16,S1,Clothing,East,None,1441,79.0,No
2024-07-17,S3,Clothing,North,BOGO,389,139.0,No
2024-07-18,S3,Electronics,South,Discount,1640,157.0,No
2024-07-19,S2,Clothing,West,Discount,1180,194.0,Yes
2024-07-20,S1,Clothing,West,None,1898,42.0,No
2024-07-21,S1,Clothing,West,Discount,1915,168.0,Yes
2024-07-22,S3,Grocery,North,Discount,745,32.0,No
2024-07-23,S1,Grocery,South,BOGO,240,120.0,No
2024-07-24,S3,Electronics,West,Discount,506,180.0,No
2024-07-25,S1,Electronics,North,None,1142,43.0,No
2024-07-26,S3,Grocery,West,BOGO,537,127.0,No
2024-07-27,S1,Grocery,East,BOGO,1537,30.0,No
2024-07-28,S2,Grocery,South,None,1298,36.0,No
2024-07-29,S1,Clothing,South,BOGO,1152,194.0,Yes
2024-07-30,S1,Clothing,North,BOGO,478,44.0,No
2024-07-31,S2,Grocery,North,None,1399,113.0,No
2024-08-01,S1,Clothing,South,BOGO,1095,40.0,No
2024-08-02,S2,Clothing,West,None,1885,103.0,No
2024-08-03,S1,Electronics,West,None,472,159.0,No
2024-08-04,S3,Grocery,East,Discount,1036,56.0,No
2024-08-05,S3,Grocery,West,Discount,819,61.0,No
2024-08-06,S1,Clothing,North,BOGO,1874,164.0,No
2024-08-07,S1,Grocery,North,BOGO,1061,120.0,No
2024-08-08,S1,Electronics,West,None,1130,67.0,No
2024-08-09,S3,Electronics,North,BOGO,488,122.0,No
2024-08-10,S1,Electronics,South,None,923,47.0,No
2024-08-11,S3,Grocery,South,None,1092,60.0,No
2024-08-12,S2,Grocery,West,BOGO,471,118.0,No
2024-08-13,S3,Grocery,South,None,1289,66.0,No
2024-08-14,S3,Grocery,South,Discount,682,165.0,No
2024-08-15,S2,Grocery,East,BOGO,1135,124.0,No
2024-08-16,S3,Electronics,East,Discount,447,143.0,No
2024-08-17,S1,Clothing,South,BOGO,355,32.0,No
2024-08-18,S1,Electronics,West,None,1270,160.0,No
2024-08-19,S3,Grocery,East,BOGO,653,119.0,No
2024-08-20,S1,Electronics,North,Discount,400,50.0,No
2024-08-21,S3,Grocery,North,None,1883,149.0,No
2024-08-22,S1,Grocery,North,BOGO,323,35.0,No
2024-08-23,S1,Electronics,West,BOGO,200,156.0,No
2024-08-24,S3,Grocery,South,,1167,,No
2024-08-25,S1,Clothing,North,Discount,1982,185.0,No
2024-08-26,S3,Grocery,West,Discount,1054,73.0,No
2024-08-27,S1,Clothing,East,BOGO,839,119.0,No
2024-08-28,S1,Clothing,South,None,390,128.0,No
2024-08-29,S2,Grocery,East,,1802,,No
2024-08-30,S2,Electronics,West,Discount,715,192.0,No
2024-08-31,S3,Clothing,North,None,641,181.0,No
2024-09-01,S2,Electronics,North,Discount,342,156.0,No
2024-09-02,S3,Clothing,West,BOGO,1414,27.0,No
2024-09-03,S2,Grocery,North,Discount,732,26.0,No
2024-09-04,S1,Grocery,South,Discount,426,55.0,No
2024-09-05,S3,Clothing,West,BOGO,1536,37.0,No
2024-09-06,S3,Grocery,East,None,1852,22.0,No
2024-09-07,S1,Clothing,West,Discount,1148,47.0,No
2024-09-08,S3,Grocery,South,Discount,1525,89.0,No
2024-09-09,S3,Electronics,South,BOGO,1877,191.0,No
2024-09-10,S2,Grocery,West,None,659,168.0,No
2024-09-11,S3,Electronics,West,Discount,1624,47.0,Yes
2024-09-12,S1,Grocery,North,BOGO,750,73.0,No
2024-09-13,S2,Electronics,South,Discount,592,84.0,No
2024-09-14,S2,Grocery,West,BOGO,1987,119.0,No
2024-09-15,S1,Electronics,West,None,1044,40.0,No
2024-09-16,S1,Clothing,South,None,1430,32.0,No
2024-09-17,S2,Clothing,West,None,409,76.0,No
2024-09-18,S3,Electronics,North,None,1338,68.0,No
2024-09-19,S2,Grocery,South,Discount,1960,137.0,No
2024-09-20,S1,Electronics,North,Discount,845,73.0,No
2024-09-21,S2,Grocery,North,None,1474,157.0,No
2024-09-22,S1,Clothing,North,None,418,72.0,No
2024-09-23,S2,Grocery,North,None,606,63.0,No
2024-09-24,S3,Clothing,South,,1666,,No
2024-09-25,S2,Grocery,North,,1826,,No
2024-09-26,S2,Grocery,North,None,1577,93.0,No
2024-09-27,S1,Grocery,West,None,1087,65.0,No
2024-09-28,S1,Electronics,South,BOGO,757,32.0,No
2024-09-29,S1,Electronics,South,None,749,184.0,No
2024-09-30,S2,Clothing,East,BOGO,341,121.0,No
2024-10-01,S3,Clothing,South,BOGO,811,43.0,No
2024-10-02,S1,Electronics,South,None,700,21.0,No
2024-10-03,S1,Clothing,East,BOGO,1039,100.0,No
2024-10-04,S2,Electronics,South,None,901,119.0,No
2024-10-05,S1,Grocery,South,,1770,,Yes
2024-10-06,S3,Clothing,South,Discount,1882,157.0,No
2024-10-07,S3,Clothing,South,Discount,1765,182.0,No
2024-10-08,S1,Electronics,East,Discount,1730,172.0,No
2024-10-09,S1,Clothing,South,BOGO,795,150.0,No
2024-10-10,S2,Clothing,South,None,480,130.0,No
2024-10-11,S3,Grocery,East,None,623,121.0,No
2024-10-12,S3,Clothing,West,None,1055,36.0,No
2024-10-13,S1,Grocery,North,Discount,469,31.0,No
2024-10-14,S2,Electronics,West,Discount,353,135.0,No
2024-10-15,S3,Clothing,East,None,813,43.0,Yes
2024-10-16,S3,Grocery,North,Discount,1950,48.0,No
2024-10-17,S2,Electronics,East,None,861,190.0,No
2024-10-18,S2,Clothing,East,None,282,172.0,No
2024-10-19,S3,Electronics,South,None,1845,141.0,No
2024-10-20,S3,Clothing,North,None,1146,109.0,No
2024-10-21,S2,Electronics,South,None,1098,84.0,No
2024-10-22,S3,Electronics,North,None,1649,103.0,No
2024-10-23,S1,Grocery,East,None,1498,138.0,No
2024-10-24,S1,Electronics,East,Discount,1936,175.0,Yes
2024-10-25,S2,Clothing,West,None,483,35.0,Yes
2024-10-26,S2,Clothing,North,None,1179,194.0,No
2024-10-27,S2,Grocery,South,Discount,372,123.0,Yes
2024-10-28,S1,Clothing,West,Discount,1550,111.0,Yes
2024-10-29,S3,Clothing,West,Discount,1941,46.0,No
2024-10-30,S1,Clothing,West,None,1286,189.0,No
2024-10-31,S3,Electronics,South,BOGO,1296,194.0,No
2024-11-01,S1,Electronics,West,BOGO,962,181.0,No
2024-11-02,S3,Clothing,South,Discount,1859,184.0,No
2024-11-03,S1,Grocery,West,BOGO,1598,153.0,Yes
2024-11-04,S2,Electronics,South,Discount,832,154.0,No
2024-11-05,S1,Grocery,East,None,1731,172.0,No
2024-11-06,S3,Clothing,East,BOGO,986,52.0,No
2024-11-07,S1,Clothing,East,None,1142,74.0,No
2024-11-08,S1,Electronics,East,BOGO,1211,26.0,Yes
2024-11-09,S1,Clothing,East,None,597,76.0,No
2024-11-10,S2,Electronics,West,BOGO,1343,145.0,No
2024-11-11,S1,Clothing,West,None,1133,31.0,No
2024-11-12,S2,Clothing,West,None,1660,35.0,No
2024-11-13,S2,Electronics,South,BOGO,875,62.0,No
2024-11-14,S1,Electronics,South,None,1135,136.0,No
2024-11-15,S1,Electronics,South,None,664,154.0,No
2024-11-16,S1,Clothing,South,None,485,130.0,No
2024-11-17,S3,Clothing,East,BOGO,464,70.0,No
2024-11-18,S1,Grocery,East,BOGO,519,179.0,No
2024-11-19,S2,Electronics,East,None,872,94.0,No
2024-11-20,S1,Clothing,North,None,1599,27.0,No
2024-11-21,S3,Clothing,West,BOGO,1019,64.0,No
2024-11-22,S1,Electronics,South,BOGO,288,78.0,No
2024-11-23,S3,Grocery,South,None,1877,151.0,No
2024-11-24,S3,Electronics,East,None,1426,123.0,No
2024-11-25,S1,Grocery,South,None,1020,176.0,No
2024-11-26,S2,Clothing,South,Discount,1962,176.0,No
2024-11-27,S3,Grocery,West,BOGO,1200,117.0,No
2024-11-28,S1,Clothing,East,,533,,No
2024-11-29,S1,Electronics,West,BOGO,421,98.0,No
2024-11-30,S2,Electronics,North,BOGO,240,143.0,No
2024-12-01,S3,Electronics,North,BOGO,1931,191.0,No
2024-12-02,S3,Grocery,North,BOGO,267,23.0,No
2024-12-03,S1,Clothing,East,BOGO,1187,109.0,No
2024-12-04,S1,Electronics,South,,1999,,Yes
2024-12-05,S2,Electronics,East,BOGO,713,156.0,No
2024-12-06,S2,Clothing,East,Discount,1860,138.0,No
2024-12-07,S3,Electronics,South,None,1845,152.0,Yes
2024-12-08,S3,Clothing,West,None,1821,75.0,No
2024-12-09,S1,Clothing,North,Discount,1855,115.0,No
2024-12-10,S3,Clothing,West,Discount,1350,197.0,No
2024-12-11,S2,Clothing,North,Discount,1478,94.0,No
2024-12-12,S2,Clothing,East,Discount,894,162.0,No
2024-12-13,S1,Grocery,North,BOGO,1239,51.0,Yes
2024-12-14,S2,Electronics,East,None,676,47.0,No
2024-12-15,S2,Grocery,West,BOGO,1285,41.0,No
2024-12-16,S2,Electronics,East,None,1080,36.0,No
2024-12-17,S2,Grocery,West,None,631,78.0,Yes
2024-12-18,S1,Clothing,South,,1893,,No
2024-12-19,S1,Electronics,South,BOGO,467,125.0,Yes
2024-12-20,S3,Electronics,South,Discount,1258,45.0,No
2024-12-21,S2,Grocery,East,BOGO,978,44.0,No
2024-12-22,S3,Grocery,South,None,1799,157.0,No
2024-12-23,S1,Electronics,North,Discount,693,64.0,No
2024-12-24,S1,Grocery,West,Discount,1785,102.0,No
2024-12-25,S1,Grocery,West,None,1692,30.0,No
2024-12-26,S1,Grocery,North,None,1990,123.0,No
2024-12-27,S1,Clothing,East,None,860,87.0,No
2024-12-28,S1,Clothing,East,Discount,1548,114.0,No
2024-12-29,S1,Grocery,West,BOGO,1527,175.0,No
2024-12-30,S2,Grocery,South,,1499,,No
2024-12-31,S3,Clothing,East,BOGO,1907,68.0,Yes
